{
    "n_trials": 30,
    "n_pareto": 2,
    "best_accuracy": 76.15,
    "lowest_co2_kg": 0.01028929328477438,
    "timestamp": "2025-10-29T10:56:01.946758"
}