{
    "n_trials": 30,
    "n_pareto": 6,
    "best_accuracy": 76.85,
    "lowest_co2_kg": 0.00045284646289232464,
    "timestamp": "2025-10-29T00:27:38.250343"
}