trial,accuracy,co2_kg
17,66.36,0.01028929328477438
21,76.15,0.010432215702659973
